timestamp,track_id,event,details,image_path
2026-09-21T17:48:42,20,LIMITED_VIEW,Lower body not reliably visible; posture classification suppressed.,captured/limited_view/limited_view_person_20_20260921_174842_988386.jpg
2026-09-21T17:48:46,20,ZONE_EXIT,Person exited monitoring zone; dwell=00:03.,captured/zone/zone_exit_person_20_20260921_174846_476468.jpg
2026-09-21T17:48:46,20,ZONE_ENTRY,Person entered monitoring zone.,captured/zone/zone_entry_person_20_20260921_174846_561702.jpg
2026-09-21T17:48:48,20,ZONE_EXIT,Person exited monitoring zone; dwell=00:02.,captured/zone/zone_exit_person_20_20260921_174848_625156.jpg
2026-09-21T17:48:48,20,ZONE_ENTRY,Person entered monitoring zone.,captured/zone/zone_entry_person_20_20260921_174848_683967.jpg
2026-09-21T17:49:01,20,ZONE_EXIT,Person exited monitoring zone; dwell=00:12.,captured/zone/zone_exit_person_20_20260921_174901_131308.jpg
2026-09-21T17:49:01,20,ZONE_ENTRY,Person entered monitoring zone.,captured/zone/zone_entry_person_20_20260921_174901_187149.jpg
2026-09-21T17:49:04,20,ZONE_EXIT,Person exited monitoring zone; dwell=00:03.,captured/zone/zone_exit_person_20_20260921_174904_662295.jpg
2026-09-21T17:49:04,20,ZONE_ENTRY,Person entered monitoring zone.,captured/zone/zone_entry_person_20_20260921_174904_720774.jpg
2026-09-21T17:49:09,20,ZONE_EXIT,Person exited monitoring zone; dwell=00:04.,captured/zone/zone_exit_person_20_20260921_174909_013268.jpg
2026-09-21T17:49:09,20,ZONE_ENTRY,Person entered monitoring zone.,captured/zone/zone_entry_person_20_20260921_174909_096744.jpg
2026-09-21T17:50:20,20,ZONE_EXIT,Person exited monitoring zone; dwell=01:11.,captured/zone/zone_exit_person_20_20260921_175020_973231.jpg
2026-09-21T17:50:21,20,ZONE_ENTRY,Person entered monitoring zone.,captured/zone/zone_entry_person_20_20260921_175021_031123.jpg
2026-09-21T17:50:23,20,ZONE_EXIT,Person exited monitoring zone; dwell=00:00.,captured/zone/zone_exit_person_20_20260921_175023_275602.jpg
2026-09-21T17:50:23,20,ZONE_ENTRY,Person entered monitoring zone.,captured/zone/zone_entry_person_20_20260921_175023_331380.jpg
2026-09-21T17:50:28,20,ZONE_EXIT,Person exited monitoring zone; dwell=00:05.,captured/zone/zone_exit_person_20_20260921_175028_868937.jpg
2026-09-21T17:50:28,20,ZONE_ENTRY,Person entered monitoring zone.,captured/zone/zone_entry_person_20_20260921_175028_931957.jpg
2026-09-21T17:50:30,20,ZONE_EXIT,Person exited monitoring zone; dwell=00:02.,captured/zone/zone_exit_person_20_20260921_175030_942484.jpg
2026-09-21T17:50:31,20,ZONE_ENTRY,Person entered monitoring zone.,captured/zone/zone_entry_person_20_20260921_175030_999394.jpg
2026-09-21T17:50:35,20,ZONE_EXIT,Person exited monitoring zone; dwell=00:04.,captured/zone/zone_exit_person_20_20260921_175035_609983.jpg
2026-09-21T17:50:35,20,ZONE_ENTRY,Person entered monitoring zone.,captured/zone/zone_entry_person_20_20260921_175035_750778.jpg
2026-09-21T17:50:37,20,ZONE_EXIT,Person exited monitoring zone; dwell=00:01.,captured/zone/zone_exit_person_20_20260921_175037_664243.jpg
2026-09-21T17:50:37,20,ZONE_ENTRY,Person entered monitoring zone.,captured/zone/zone_entry_person_20_20260921_175037_752090.jpg
2026-09-21T17:50:39,20,ZONE_EXIT,Person exited monitoring zone; dwell=00:00.,captured/zone/zone_exit_person_20_20260921_175039_768765.jpg
2026-09-21T17:50:39,20,ZONE_ENTRY,Person entered monitoring zone.,captured/zone/zone_entry_person_20_20260921_175039_941726.jpg
2026-09-21T17:50:41,3,LIMITED_VIEW,Lower body not reliably visible; posture classification suppressed.,captured/limited_view/limited_view_person_3_20260921_175041_487117.jpg
2026-09-21T17:50:42,20,ZONE_EXIT,Person exited monitoring zone; dwell=00:01.,captured/zone/zone_exit_person_20_20260921_175042_102914.jpg
2026-09-21T17:50:42,20,ZONE_ENTRY,Person entered monitoring zone.,captured/zone/zone_entry_person_20_20260921_175042_271217.jpg
2026-09-21T17:50:53,20,ZONE_EXIT,Person exited monitoring zone; dwell=00:10.,captured/zone/zone_exit_person_20_20260921_175053_382729.jpg
2026-09-21T17:50:53,20,ZONE_ENTRY,Person entered monitoring zone.,captured/zone/zone_entry_person_20_20260921_175053_493305.jpg
2026-09-21T17:51:05,20,ZONE_EXIT,Person exited monitoring zone; dwell=00:12.,captured/zone/zone_exit_person_20_20260921_175105_912994.jpg
2026-09-21T17:51:05,20,ZONE_ENTRY,Person entered monitoring zone.,captured/zone/zone_entry_person_20_20260921_175105_968916.jpg
2026-09-21T17:51:08,20,ZONE_EXIT,Person exited monitoring zone; dwell=00:02.,captured/zone/zone_exit_person_20_20260921_175108_775501.jpg
2026-09-21T17:51:08,20,ZONE_ENTRY,Person entered monitoring zone.,captured/zone/zone_entry_person_20_20260921_175108_849040.jpg
2026-09-21T17:51:11,20,ZONE_EXIT,Person exited monitoring zone; dwell=00:01.,captured/zone/zone_exit_person_20_20260921_175111_428974.jpg
2026-09-21T17:51:11,20,ZONE_ENTRY,Person entered monitoring zone.,captured/zone/zone_entry_person_20_20260921_175111_505118.jpg
2026-09-21T17:51:14,20,ZONE_EXIT,Person exited monitoring zone; dwell=00:01.,captured/zone/zone_exit_person_20_20260921_175114_136438.jpg
2026-09-21T17:51:14,20,ZONE_ENTRY,Person entered monitoring zone.,captured/zone/zone_entry_person_20_20260921_175114_227626.jpg
2026-09-21T17:51:38,20,ZONE_EXIT,Person exited monitoring zone; dwell=00:23.,captured/zone/zone_exit_person_20_20260921_175138_345934.jpg
2026-09-21T17:51:38,20,ZONE_ENTRY,Person entered monitoring zone.,captured/zone/zone_entry_person_20_20260921_175138_495961.jpg
2026-09-21T17:51:41,20,ZONE_EXIT,Person exited monitoring zone; dwell=00:02.,captured/zone/zone_exit_person_20_20260921_175141_034836.jpg
2026-09-21T17:51:41,20,ZONE_ENTRY,Person entered monitoring zone.,captured/zone/zone_entry_person_20_20260921_175141_266521.jpg
2026-09-21T17:51:46,20,ZONE_EXIT,Person exited monitoring zone; dwell=00:04.,captured/zone/zone_exit_person_20_20260921_175146_165324.jpg
2026-09-21T17:51:46,20,ZONE_ENTRY,Person entered monitoring zone.,captured/zone/zone_entry_person_20_20260921_175146_396295.jpg
2026-09-21T17:52:08,20,ZONE_EXIT,Person exited monitoring zone; dwell=00:21.,captured/zone/zone_exit_person_20_20260921_175208_910089.jpg
2026-09-21T17:52:09,20,ZONE_ENTRY,Person entered monitoring zone.,captured/zone/zone_entry_person_20_20260921_175209_142568.jpg
2026-09-21T17:52:10,20,ZONE_EXIT,Person exited monitoring zone; dwell=00:00.,captured/zone/zone_exit_person_20_20260921_175210_951264.jpg
2026-09-21T17:52:11,20,ZONE_ENTRY,Person entered monitoring zone.,captured/zone/zone_entry_person_20_20260921_175211_186500.jpg
2026-09-21T17:52:13,20,ZONE_EXIT,Person exited monitoring zone; dwell=00:00.,captured/zone/zone_exit_person_20_20260921_175213_052291.jpg
2026-09-21T17:52:13,20,ZONE_ENTRY,Person entered monitoring zone.,captured/zone/zone_entry_person_20_20260921_175213_286168.jpg
2026-09-21T17:52:29,20,ZONE_EXIT,Person exited monitoring zone; dwell=00:15.,captured/zone/zone_exit_person_20_20260921_175229_354434.jpg
2026-09-21T17:52:29,20,ZONE_ENTRY,Person entered monitoring zone.,captured/zone/zone_entry_person_20_20260921_175229_732862.jpg
2026-09-21T17:52:32,20,ZONE_EXIT,Person exited monitoring zone; dwell=00:01.,captured/zone/zone_exit_person_20_20260921_175232_618880.jpg
2026-09-21T17:52:32,20,ZONE_ENTRY,Person entered monitoring zone.,captured/zone/zone_entry_person_20_20260921_175232_698975.jpg
2026-09-21T17:52:35,20,ZONE_EXIT,Person exited monitoring zone; dwell=00:01.,captured/zone/zone_exit_person_20_20260921_175235_769174.jpg
2026-09-21T17:52:35,20,ZONE_ENTRY,Person entered monitoring zone.,captured/zone/zone_entry_person_20_20260921_175235_851398.jpg
2026-09-21T17:52:37,20,ZONE_EXIT,Person exited monitoring zone; dwell=00:00.,captured/zone/zone_exit_person_20_20260921_175237_781818.jpg
2026-09-21T17:52:38,20,ZONE_ENTRY,Person entered monitoring zone.,captured/zone/zone_entry_person_20_20260921_175238_189085.jpg
2026-09-21T17:52:40,20,ZONE_EXIT,Person exited monitoring zone; dwell=00:01.,captured/zone/zone_exit_person_20_20260921_175240_722174.jpg
2026-09-21T17:52:43,20,ZONE_ENTRY,Person entered monitoring zone.,captured/zone/zone_entry_person_20_20260921_175243_280010.jpg
2026-09-21T17:52:43,20,ZONE_EXIT,Person exited monitoring zone; dwell=00:00.,captured/zone/zone_exit_person_20_20260921_175243_789943.jpg
2026-09-21T17:54:32,20,ZONE_ENTRY,Person entered monitoring zone.,captured/zone/zone_entry_person_20_20260921_175432_975246.jpg
2026-09-21T17:54:33,20,ZONE_EXIT,Person exited monitoring zone; dwell=00:00.,captured/zone/zone_exit_person_20_20260921_175433_228174.jpg
2026-09-21T17:54:35,20,ZONE_ENTRY,Person entered monitoring zone.,captured/zone/zone_entry_person_20_20260921_175435_035249.jpg
